-- Obicni korisnici
INSERT INTO `users` (`id`, `email`, `enabled`, `first_name`, `last_name`, `last_password_reset_date`, `password` ,`username`,`admin_password`) VALUES (2,'marko@gmail.com',true,'Marko','Markovic','2017-10-01 21:58:58','$2a$04$Vbug2lwwJGrvUXTj6z7ff.97IzVBkrJ1XfApfGNl.Z695zqcnPYra','marko',true);
INSERT INTO `users` (`id`, `email`, `enabled`, `first_name`, `last_name`, `last_password_reset_date`, `password` ,`username`,`admin_password`) VALUES (3,'pera@gmail.com',true,'Pera','Peric','2017-10-01 21:58:58','$2a$04$Vbug2lwwJGrvUXTj6z7ff.97IzVBkrJ1XfApfGNl.Z695zqcnPYra','peki',true);
INSERT INTO `users` (`id`, `email`, `enabled`, `first_name`, `last_name`, `last_password_reset_date`, `password` ,`username`,`admin_password`) VALUES (11,'filip@gmail.com',true,'Filip','Filipovic','2017-10-01 21:58:58','$2a$04$Vbug2lwwJGrvUXTj6z7ff.97IzVBkrJ1XfApfGNl.Z695zqcnPYra','filip',true);
INSERT INTO `users` (`id`, `email`, `enabled`, `first_name`, `last_name`, `last_password_reset_date`, `password` ,`username`,`admin_password`) VALUES (12,'maja@gmail.com',true,'Maja','Majic','2017-10-01 21:58:58','$2a$04$Vbug2lwwJGrvUXTj6z7ff.97IzVBkrJ1XfApfGNl.Z695zqcnPYra','maja',true);
INSERT INTO `users` (`id`, `email`, `enabled`, `first_name`, `last_name`, `last_password_reset_date`, `password` ,`username`,`admin_password`) VALUES (13,'vlada@gmail.com',true,'Vladimir','Peric','2017-10-01 21:58:58','$2a$04$Vbug2lwwJGrvUXTj6z7ff.97IzVBkrJ1XfApfGNl.Z695zqcnPYra','vlada',true);
INSERT INTO `users` (`id`, `email`, `enabled`, `first_name`, `last_name`, `last_password_reset_date`, `password` ,`username`,`admin_password`) VALUES (14,'ivana@gmail.com',true,'Ivana','Maric','2017-10-01 21:58:58','$2a$04$Vbug2lwwJGrvUXTj6z7ff.97IzVBkrJ1XfApfGNl.Z695zqcnPYra','ivana',true);
INSERT INTO `users` (`id`, `email`, `enabled`, `first_name`, `last_name`, `last_password_reset_date`, `password` ,`username`,`admin_password`) VALUES (15,'sneza@gmail.com',true,'Snezana','Pajtic','2017-10-01 21:58:58','$2a$04$Vbug2lwwJGrvUXTj6z7ff.97IzVBkrJ1XfApfGNl.Z695zqcnPYra','sneza',true);

-- Admin sistema
INSERT INTO `users` (`id`, `email`, `enabled`, `first_name`, `last_name`, `last_password_reset_date`, `password` ,`username`,`admin_password`) VALUES (4,'laza@gmail.com',true,'Laza','Peric','2017-10-01 21:58:58','$2a$04$Vbug2lwwJGrvUXTj6z7ff.97IzVBkrJ1XfApfGNl.Z695zqcnPYra','laki',true);

-- Admini hotel
INSERT INTO `users` (`id`, `email`, `enabled`, `first_name`, `last_name`, `last_password_reset_date`, `password` ,`username`,`admin_password`) VALUES (6,'mika@gmail.com',true,'Mika','Peric','2017-10-01 21:58:58','$2a$04$Vbug2lwwJGrvUXTj6z7ff.97IzVBkrJ1XfApfGNl.Z695zqcnPYra','miki',true);
INSERT INTO `users` (`id`, `email`, `enabled`, `first_name`, `last_name`, `last_password_reset_date`, `password` ,`username`,`admin_password`) VALUES (8,'miroslav@gmail.com',true,'Miroslav','Miroslavic','2017-10-01 21:58:58','$2a$04$Vbug2lwwJGrvUXTj6z7ff.97IzVBkrJ1XfApfGNl.Z695zqcnPYra','miki2',true);
INSERT INTO `users` (`id`, `email`, `enabled`, `first_name`, `last_name`, `last_password_reset_date`, `password` ,`username`,`admin_password`) VALUES (16,'nikola@gmail.com',true,'Nikola','Nikolic','2017-10-01 21:58:58','$2a$04$Vbug2lwwJGrvUXTj6z7ff.97IzVBkrJ1XfApfGNl.Z695zqcnPYra','nikola',true);

-- Admini RAC
INSERT INTO `users` (`id`, `email`, `enabled`, `first_name`, `last_name`, `last_password_reset_date`, `password` ,`username`,`admin_password`) VALUES (7,'tarzan@gmail.com',true,'Tarzan','Peric','2017-10-01 21:58:58','$2a$04$Vbug2lwwJGrvUXTj6z7ff.97IzVBkrJ1XfApfGNl.Z695zqcnPYra','tarzan',true);
INSERT INTO `users` (`id`, `email`, `enabled`, `first_name`, `last_name`, `last_password_reset_date`, `password` ,`username`,`admin_password`) VALUES (17,'dzoni@gmail.com',true,'Dzoni','Maric','2017-10-01 21:58:58','$2a$04$Vbug2lwwJGrvUXTj6z7ff.97IzVBkrJ1XfApfGNl.Z695zqcnPYra','dzoni',true);
INSERT INTO `users` (`id`, `email`, `enabled`, `first_name`, `last_name`, `last_password_reset_date`, `password` ,`username`,`admin_password`) VALUES (18,'luka@gmail.com',true,'Luka','Lukic','2017-10-01 21:58:58','$2a$04$Vbug2lwwJGrvUXTj6z7ff.97IzVBkrJ1XfApfGNl.Z695zqcnPYra','luka',true);

-- Airline admins
INSERT INTO `users` (`id`, `email`, `enabled`, `first_name`, `last_name`, `last_password_reset_date`, `password` ,`username`,`admin_password`) VALUES (5,'djoka@gmail.com',true,'Djoka','Peric','2017-10-01 21:58:58','$2a$04$Vbug2lwwJGrvUXTj6z7ff.97IzVBkrJ1XfApfGNl.Z695zqcnPYra','djox',true);
INSERT INTO `users` (`id`, `email`, `enabled`, `first_name`, `last_name`, `last_password_reset_date`, `password` ,`username`,`admin_password`) VALUES (9,'peca@gmail.com',true,'Petar','Petrovic','2017-10-01 21:58:58','$2a$04$Vbug2lwwJGrvUXTj6z7ff.97IzVBkrJ1XfApfGNl.Z695zqcnPYra','peca',true);
INSERT INTO `users` (`id`, `email`, `enabled`, `first_name`, `last_name`, `last_password_reset_date`, `password` ,`username`,`admin_password`) VALUES (10,'rajko@gmail.com',true,'Rajko','Rajkic','2017-10-01 21:58:58','$2a$04$Vbug2lwwJGrvUXTj6z7ff.97IzVBkrJ1XfApfGNl.Z695zqcnPYra','rajko',true);

-- Role za korisnike
INSERT INTO `authority` (id, name) VALUES (1, 'ROLE_USER');
INSERT INTO `authority` (id, name) VALUES (2, 'ROLE_SYSTEM_ADMIN');
INSERT INTO `authority` (id, name) VALUES (3, 'ROLE_AIRLINE_ADMIN');
INSERT INTO `authority` (id, name) VALUES (4, 'ROLE_HOTEL_ADMIN');
INSERT INTO `authority` (id, name) VALUES (5, 'ROLE_RAC_ADMIN');

-- Dodavanje role korisniku
INSERT INTO `user_authority` (user_id, authority_id) VALUES (2, 1);
INSERT INTO `user_authority` (user_id, authority_id) VALUES (3, 1);
INSERT INTO `user_authority` (user_id, authority_id) VALUES (11, 1);
INSERT INTO `user_authority` (user_id, authority_id) VALUES (12, 1);
INSERT INTO `user_authority` (user_id, authority_id) VALUES (13, 1);
INSERT INTO `user_authority` (user_id, authority_id) VALUES (14, 1);
INSERT INTO `user_authority` (user_id, authority_id) VALUES (15, 1);

-- Dodavanje role sistem adminu
INSERT INTO `user_authority` (user_id, authority_id) VALUES (4, 2);

-- Dodavanje role airline adminu
INSERT INTO `user_authority` (user_id, authority_id) VALUES (5, 3);
INSERT INTO `user_authority` (user_id, authority_id) VALUES (9, 3);
INSERT INTO `user_authority` (user_id, authority_id) VALUES (10, 3);

-- Dodavanje role hotel adminu
INSERT INTO `user_authority` (user_id, authority_id) VALUES (6, 4);
INSERT INTO `user_authority` (user_id, authority_id) VALUES (8, 4);
INSERT INTO `user_authority` (user_id, authority_id) VALUES (16, 4);

-- Dodavanje role RAC adminu
INSERT INTO `user_authority` (user_id, authority_id) VALUES (7, 5);
INSERT INTO `user_authority` (user_id, authority_id) VALUES (17, 5);
INSERT INTO `user_authority` (user_id, authority_id) VALUES (18, 5);


-- Dodavanje prijateljstva
INSERT INTO `friendship` VALUES (1, 0, 2);
INSERT INTO `friendship` VALUES (2, 0, 3);

INSERT INTO `users_friendships` VALUES (3, 1);
INSERT INTO `users_friendships` VALUES (2, 2);


-- Destinations
INSERT INTO `destination` VALUES (11, 'JFK', 'John. F. Kennedy. International Airport', 'New York', 'US', 123.23, 132.23);
INSERT INTO `destination` VALUES (12, 'BGD', 'Nikola Tesla International Airport', 'Belgrade', 'Serbia', 222.23, 543.23);
INSERT INTO `destination` VALUES (13, 'BER', 'Berlin Airport', 'Berlin', 'Germany', 123.22, 423.22);
INSERT INTO `destination` VALUES (14, 'BFL', 'Meadows Field Airport', 'Bekersfield', 'US', 123.22, 423.22);
INSERT INTO `destination` VALUES (15, 'HAM', 'Hamburg Airport', 'Hamburg', 'Germany', 123.22, 423.22);
INSERT INTO `destination` VALUES (16, 'HAJ', 'Hanover Airport', 'Hanover', 'Germany', 123.22, 423.22);
INSERT INTO `destination` VALUES (17, 'HEL', 'Helsinki Airport', 'Helsinki', 'Finland', 123.22, 423.22);
INSERT INTO `destination` VALUES (18, 'MAD', 'Adolfo Suárez Madrid–Barajas Airport', 'Madrid', 'Spain', 123.22, 423.22);
INSERT INTO `destination` VALUES (19, 'MBQ', 'Mbarara Airport', 'Mbarara', 'Uganda', 123.22, 423.22);
INSERT INTO `destination` VALUES (20, 'MCQ', 'Miskolc Airport', 'Miskolc', 'Hungary', 123.22, 423.22);


-- Airplanes
INSERT INTO `airplane` VALUES(20, 'Boeing 747', 10, 10);
INSERT INTO `airplane` VALUES(21, 'Boeing 567', 15, 15);
INSERT INTO `airplane` VALUES(22, 'Boeing 900', 6, 10);
INSERT INTO `airplane` VALUES(23, 'Airbus 222', 6, 8);
INSERT INTO `airplane` VALUES(24, 'Airbus 123', 7, 9);
INSERT INTO `airplane` VALUES(25, 'Airbus 876', 6, 11);


-- Addresses
INSERT INTO `address` VALUES(31, 'New York', 'US', 1234, '1st street', 22);
INSERT INTO `address` VALUES(32, 'Belgrade', 'Serbia', 11000, 'Bulevar', 213);
INSERT INTO `address` VALUES(33, 'Athens', 'Greece', 5433, 'Alfa', 24);


-- Airlines
INSERT INTO `airline` VALUES(22, 'Best airline company in US', 'United', 4, 31, 5);
INSERT INTO `airline` VALUES(23, 'Najbolja aviokompanija', 'AirSerbia', 3, 32, 9);
INSERT INTO `airline` VALUES(24, 'Best company in Greece', 'AirGreece', 5, 33, 10);


-- Destinations where airlines work
INSERT INTO `airline_destinations` VALUES(22, 11);
INSERT INTO `airline_destinations` VALUES(22, 12);
INSERT INTO `airline_destinations` VALUES(22, 13);
INSERT INTO `airline_destinations` VALUES(22, 14);
INSERT INTO `airline_destinations` VALUES(22, 15);
INSERT INTO `airline_destinations` VALUES(23, 14);
INSERT INTO `airline_destinations` VALUES(23, 15);
INSERT INTO `airline_destinations` VALUES(23, 16);
INSERT INTO `airline_destinations` VALUES(23, 17);
INSERT INTO `airline_destinations` VALUES(24, 18);
INSERT INTO `airline_destinations` VALUES(24, 19);
INSERT INTO `airline_destinations` VALUES(24, 20);


-- Flights
INSERT INTO `flight` VALUES(50, '2017-06-01 23:01:00', true, 5, '2017-06-01 00:01:00', 1200, 23, 22, 20, 11, 12);
INSERT INTO `flight` VALUES(51, '2019-06-02 00:01:00', false, 4, '2019-06-01 00:01:00', 1600, 24, 22, 21, 11, 12);
INSERT INTO `flight` VALUES(52, '2019-07-01 15:01:00', true, 3, '2019-07-01 00:01:00', 800, 15, 22, 21, 14, 15);
INSERT INTO `flight` VALUES(53, '2019-07-01 12:01:00', false, 2, '2019-07-01 00:01:00', 500, 12, 23, 22, 14, 16);
INSERT INTO `flight` VALUES(54, '2018-07-01 20:01:00', true, 5, '2018-07-01 00:01:00', 1000, 20, 23, 23, 12, 13);

INSERT INTO `flight` VALUES(55, '2019-08-30 13:01:00', false, 0, '2019-08-30 00:01:00', 900, 13, 23, 24, 19, 20);
INSERT INTO `flight` VALUES(56, '2019-08-31 00:01:00', true, 0, '2019-08-30 00:01:00', 1700, 24, 24, 23, 20, 17);
INSERT INTO `flight` VALUES(57, '2019-09-30 10:01:00', false, 0, '2019-09-30 00:01:00', 905, 10, 24, 25, 16, 19);
INSERT INTO `flight` VALUES(58, '2019-09-30 05:01:00', true, 0, '2019-09-30 00:01:00', 700, 5, 23, 22, 15, 12);
INSERT INTO `flight` VALUES(59, '2019-10-30 03:01:00', false, 0, '2019-10-30 00:01:00', 200, 3, 23, 21, 17, 12);


-- Airline price list items
INSERT INTO `airline_price_list_item` VALUES(60, 10, '2017-06-01 00:01:00', 1500, '2017-04-01 00:01:00');
INSERT INTO `airline_price_list_item` VALUES(62, 8, '2019-06-01 00:01:00', 1500, '2019-04-01 00:01:00');
INSERT INTO `airline_price_list_item` VALUES(63, 4, '2019-07-01 00:01:00', 1500, '2019-05-01 00:01:00');
INSERT INTO `airline_price_list_item` VALUES(64, 0, '2019-07-01 00:01:00', 1700, '2019-04-01 00:01:00');
INSERT INTO `airline_price_list_item` VALUES(65, 0, '2018-07-01 00:01:00', 1700, '2018-05-01 00:01:00');

INSERT INTO `airline_price_list_item` VALUES(66, 0, '2019-08-30 00:01:00', 1700, '2019-05-30 00:01:00');
INSERT INTO `airline_price_list_item` VALUES(67, 0, '2019-08-30 00:01:00', 1700, '2019-05-30 00:01:00');
INSERT INTO `airline_price_list_item` VALUES(68, 0, '2019-09-30 00:01:00', 1700, '2019-05-30 00:01:00');
INSERT INTO `airline_price_list_item` VALUES(69, 5, '2019-09-30 00:01:00', 1700, '2019-05-30 00:01:00');
INSERT INTO `airline_price_list_item` VALUES(70, 10, '2019-10-30 00:01:00', 1700, '2019-05-30 00:01:00');


-- Flight prices
INSERT INTO `flight_prices` VALUES (50, 60);
INSERT INTO `flight_prices` VALUES (51, 62);
INSERT INTO `flight_prices` VALUES (52, 63);
INSERT INTO `flight_prices` VALUES (53, 64);
INSERT INTO `flight_prices` VALUES (54, 65);

INSERT INTO `flight_prices` VALUES (55, 66);
INSERT INTO `flight_prices` VALUES (56, 67);
INSERT INTO `flight_prices` VALUES (57, 68);
INSERT INTO `flight_prices` VALUES (58, 69);
INSERT INTO `flight_prices` VALUES (59, 70);


-- Flight reservation
INSERT INTO `flight_reservation` VALUES (71, true, false, 'Marko', 'Markovic', '12345', 1000, 0, '2019-01-01 00:00:00', 5, 6, 2);
INSERT INTO `flight_reservation` VALUES (72, true, false, 'Marko', 'Markovic', '12345', 1000, 0, '2019-01-04 01:00:00', 6, 7, 2);
INSERT INTO `flight_reservation` VALUES (73, true, false, 'Marko', 'Markovic', '12345', 1000, 0, '2019-02-01 00:00:00', 5, 7, 2);
INSERT INTO `flight_reservation` VALUES (74, true, false, 'Pera', 'Peric', '65432', 1400, 0, '2019-03-01 01:00:00', 6, 5, 3);
INSERT INTO `flight_reservation` VALUES (75, true, false, 'Pera', 'Peric', '65432', 1600, 0, '2019-03-01 00:00:00', 5, 5, 3);
INSERT INTO `flight_reservation` VALUES (76, true, false, 'Pera', 'Peric', '65432', 1500, 0, '2019-05-02 01:00:00', 1, 1, 3);
INSERT INTO `flight_reservation` VALUES (77, true, false, 'Filip', 'Filipovic', '63222', 1800, 0, '2019-05-02 01:00:00', 1, 1, 11);
INSERT INTO `flight_reservation` VALUES (78, true, false, 'Filip', 'Filipovic', '63222', 1800, 0, '2019-05-03 01:00:00', 1, 2, 11);

-- Users and flight reservations
INSERT INTO `users_reservations` VALUES (2, 71);
INSERT INTO `users_reservations` VALUES (2, 72);
INSERT INTO `users_reservations` VALUES (2, 73);
INSERT INTO `users_reservations` VALUES (3, 74);
INSERT INTO `users_reservations` VALUES (3, 75);
INSERT INTO `users_reservations` VALUES (3, 76);
INSERT INTO `users_reservations` VALUES (11, 77);
INSERT INTO `users_reservations` VALUES (11, 78);


-- Flight reservations
INSERT INTO `flight_reservations` VALUES (50, 71);
INSERT INTO `flight_reservations` VALUES (50, 72);
INSERT INTO `flight_reservations` VALUES (52, 73);
INSERT INTO `flight_reservations` VALUES (52, 74);
INSERT INTO `flight_reservations` VALUES (53, 75);
INSERT INTO `flight_reservations` VALUES (53, 76);
INSERT INTO `flight_reservations` VALUES (59, 77);
INSERT INTO `flight_reservations` VALUES (59, 78);


-- Hotels
INSERT INTO `hotel` (`id`, `name`, `description`, `rating`, `address_id`, `administrator_id`) VALUES (1, 'Hotel Plaza', 'Ovo je jedan jako dobar hotel sa prijatnim osobljem', 4.0, 32, 6)
INSERT INTO `hotel` (`id`, `name`, `description`, `rating`, `address_id`, `administrator_id`) VALUES (2, 'Hotel Continental', 'Lorem ipsum dolor sit amet, consectetur adipiscing elit, sed do eiusmod tempor incididunt ut labore et dolore magna aliqua.', 5.0, 33, 8)
INSERT INTO `hotel` (`id`, `name`, `description`, `rating`, `address_id`) VALUES (3, 'Hotel Bosna', 'Ovo je jedan jako dobar hotel sa prijatnim osobljem', 3.0, 32)

-- Rooms
INSERT INTO `room` (`id`, `room_number`, `floor`, `rating`, `capacity`, `hotel_id`) VALUES (1, 21, 2, 4.0, 3, 1);
INSERT INTO `room` (`id`, `room_number`, `floor`, `rating`, `capacity`, `hotel_id`) VALUES (2, 22, 2, 5.0, 2, 2);
INSERT INTO `room` (`id`, `room_number`, `floor`, `rating`, `capacity`, `hotel_id`) VALUES (3, 25, 2, 5.0, 2, 1);
INSERT INTO `room` (`id`, `room_number`, `floor`, `rating`, `capacity`, `hotel_id`) VALUES (4, 100, 3, 3.0, 4, 1);
INSERT INTO `room` (`id`, `room_number`, `floor`, `rating`, `capacity`, `hotel_id`) VALUES (5, 102, 3, 3.0, 3, 1);
INSERT INTO `room` (`id`, `room_number`, `floor`, `rating`, `capacity`, `hotel_id`) VALUES (6, 103, 3, 3.0, 3, 1);
INSERT INTO `room` (`id`, `room_number`, `floor`, `rating`, `capacity`, `hotel_id`) VALUES (7, 105, 3, 3.0, 2, 1);
INSERT INTO `room` (`id`, `room_number`, `floor`, `rating`, `capacity`, `hotel_id`) VALUES (8, 150, 3, 3.0, 1, 1);

INSERT INTO `hotel_rooms` (`hotel_id`, `rooms_id`) VALUES (1, 1)
INSERT INTO `hotel_rooms` (`hotel_id`, `rooms_id`) VALUES (2, 2)
INSERT INTO `hotel_rooms` (`hotel_id`, `rooms_id`) VALUES (1, 3)
INSERT INTO `hotel_rooms` (`hotel_id`, `rooms_id`) VALUES (1, 4)
INSERT INTO `hotel_rooms` (`hotel_id`, `rooms_id`) VALUES (1, 5)
INSERT INTO `hotel_rooms` (`hotel_id`, `rooms_id`) VALUES (1, 6)
INSERT INTO `hotel_rooms` (`hotel_id`, `rooms_id`) VALUES (1, 7)
INSERT INTO `hotel_rooms` (`hotel_id`, `rooms_id`) VALUES (1, 8)

-- Price List
INSERT INTO `hotel_price_list` (`id`, `description`, `hotel_id`) VALUES (1, 'Majski cjenovnik', 1);
INSERT INTO `hotel_price_list` (`id`, `description`, `hotel_id`) VALUES (2, 'Junski cjenovnik', 1);
INSERT INTO `hotel_price_list` (`id`, `description`, `hotel_id`) VALUES (3, 'Julski cjenovnik', 2);
INSERT INTO `hotel_price_list` (`id`, `description`, `hotel_id`) VALUES (4, 'Avgustovski cjenovnik', 3);


INSERT INTO `hotel_hotel_price_lists` (`hotel_id`, `hotel_price_lists_id`) VALUES (1,1)
INSERT INTO `hotel_hotel_price_lists` (`hotel_id`, `hotel_price_lists_id`) VALUES (1,2)
INSERT INTO `hotel_hotel_price_lists` (`hotel_id`, `hotel_price_lists_id`) VALUES (2,3)
INSERT INTO `hotel_hotel_price_lists` (`hotel_id`, `hotel_price_lists_id`) VALUES (3,4)

UPDATE `hotel` SET `current_price_list_id` = 1 WHERE `id` = 1;
UPDATE `hotel` SET `current_price_list_id` = 3 WHERE `id` = 2;
UPDATE `hotel` SET `current_price_list_id` = 4 WHERE `id` = 3;

-- Price List Item
INSERT INTO `hotel_price_list_item` (`id`, `active_discount`, `start_date`, `end_date`, `price_per_day`, `room_id`, `hotel_price_list_id`) VALUES (1, 0.5, '2019-10-01 00:00:00', '2019-10-01 00:00:00', 40, 1, 1);
INSERT INTO `hotel_price_list_item` (`id`, `active_discount`, `start_date`, `end_date`, `price_per_day`, `room_id`, `hotel_price_list_id`) VALUES (2, 0.0, '2019-06-10 00:00:00', '2019-06-20 00:00:00', 60, 3, 1);
INSERT INTO `hotel_price_list_item` (`id`, `active_discount`, `start_date`, `end_date`, `price_per_day`, `room_id`, `hotel_price_list_id`) VALUES (3, 0.0, '2019-06-10 00:00:00', '2019-06-20 00:00:00', 60, 4, 1);
INSERT INTO `hotel_price_list_item` (`id`, `active_discount`, `start_date`, `end_date`, `price_per_day`, `room_id`, `hotel_price_list_id`) VALUES (4, 0.0, '2019-06-10 00:00:00', '2019-06-20 00:00:00', 60, 5, 1);
INSERT INTO `hotel_price_list_item` (`id`, `active_discount`, `start_date`, `end_date`, `price_per_day`, `room_id`, `hotel_price_list_id`) VALUES (5, 0.0, '2019-06-10 00:00:00', '2019-06-20 00:00:00', 60, 6, 1);
INSERT INTO `hotel_price_list_item` (`id`, `active_discount`, `start_date`, `end_date`, `price_per_day`, `room_id`, `hotel_price_list_id`) VALUES (6, 0.0, '2019-06-10 00:00:00', '2019-06-20 00:00:00', 60, 7, 1);

-- list <-> list_item
INSERT INTO `hotel_price_list_hotel_price_list_items` (`hotel_price_list_id`, `hotel_price_list_items_id`) VALUES (1, 1);
INSERT INTO `hotel_price_list_hotel_price_list_items` (`hotel_price_list_id`, `hotel_price_list_items_id`) VALUES (1, 2);
INSERT INTO `hotel_price_list_hotel_price_list_items` (`hotel_price_list_id`, `hotel_price_list_items_id`) VALUES (1, 3);
INSERT INTO `hotel_price_list_hotel_price_list_items` (`hotel_price_list_id`, `hotel_price_list_items_id`) VALUES (1, 4);
INSERT INTO `hotel_price_list_hotel_price_list_items` (`hotel_price_list_id`, `hotel_price_list_items_id`) VALUES (1, 5);
INSERT INTO `hotel_price_list_hotel_price_list_items` (`hotel_price_list_id`, `hotel_price_list_items_id`) VALUES (1, 6);

-- room <-> list_item
INSERT INTO `room_hotel_price_list_items` (`room_id`, `hotel_price_list_items_id`) VALUES (1, 1)
INSERT INTO `room_hotel_price_list_items` (`room_id`, `hotel_price_list_items_id`) VALUES (3, 2)
INSERT INTO `room_hotel_price_list_items` (`room_id`, `hotel_price_list_items_id`) VALUES (4, 3)
INSERT INTO `room_hotel_price_list_items` (`room_id`, `hotel_price_list_items_id`) VALUES (5, 4)
INSERT INTO `room_hotel_price_list_items` (`room_id`, `hotel_price_list_items_id`) VALUES (6, 5)
INSERT INTO `room_hotel_price_list_items` (`room_id`, `hotel_price_list_items_id`) VALUES (7, 6)

INSERT INTO `rac` (`id`,`name`,`description`,rating) VALUES (1,'Pegaz','acab',1.0);
INSERT INTO `rac` (`id`,`name`,`description`,rating) VALUES (2,'Pegaz2','acab',1.5);

INSERT INTO `cars` (`id`,`name`,`brand`,`manuf_year`,`seats_number`,`rating`,`type`,`company_id`) VALUES (1,'stojdza','zastava',2059,5,5,0,1);
INSERT INTO `cars` (`id`,`name`,`brand`,`manuf_year`,`seats_number`,`rating`,`type`,`company_id`) VALUES (2,'jugic','zastava',2059,5,5,0,2);

INSERT INTO `cars` (`id`,`name`,`brand`,`manuf_year`,`seats_number`,`rating`,`type`,`company_id`) VALUES (3,'vozilo','mercedes',2059,2,5,3,1);
INSERT INTO `cars` (`id`,`name`,`brand`,`manuf_year`,`seats_number`,`rating`,`type`,`company_id`) VALUES (4,'kombi','mercedes',2059,10,5,2,2);

INSERT  INTO `racpricelistitem` (`id`,`active_discount`,`start_date`,`end_date`,`price_day`,`car_id`) VALUES (1,0,'2017-10-01 21:58:58','2017-10-10 21:58:58',100,1);
INSERT  INTO `racpricelistitem` (`id`,`active_discount`,`start_date`,`end_date`,`price_day`,`car_id`) VALUES (2,0.3,'2017-10-11 21:58:58','2017-10-21 21:58:58',50,1);
INSERT  INTO `racpricelistitem` (`id`,`active_discount`,`start_date`,`end_date`,`price_day`,`car_id`) VALUES (3,0.1,'2017-10-01 21:58:58','2017-10-10 21:58:58',100,2);
INSERT  INTO `racpricelistitem` (`id`,`active_discount`,`start_date`,`end_date`,`price_day`,`car_id`) VALUES (4,0.2,'2017-10-11 21:58:58','2017-10-21 21:58:58',50,2);


INSERT  INTO `racpricelistitem` (`id`,`active_discount`,`start_date`,`end_date`,`price_day`,`car_id`) VALUES (5,0,'2017-10-01 21:58:58','2017-10-10 21:58:58',100,3);
INSERT  INTO `racpricelistitem` (`id`,`active_discount`,`start_date`,`end_date`,`price_day`,`car_id`) VALUES (6,0,'2017-10-01 21:58:58','2017-10-10 21:58:58',100,4);

